metric,baseline_mean,ai_mean,absolute_change,percent_change
horizontal_collaboration_index,3.05673,4.0777399999999995,1.0210099999999995,33.402034199945675
empty_backhaul_rate,0.166486,0.104604,-0.06188199999999999,-37.16949172903426
vehicle_utilization_rate,0.817673,0.889182,0.07150900000000004,8.745427573125198
matching_success_rate,0.6512960000000001,0.819155,0.16785899999999987,25.77307399400577
collaboration_events_per_month,5.432,9.708,4.276,78.71870397643592
service_level_on_time_rate,0.8614809999999999,0.892069,0.03058800000000006,3.5506296714611363
emissions_intensity_index,0.928381,0.852361,-0.07601999999999998,-8.188448492590862
